{"deviceType":"phone,tablet","checkEntry":"true","localPropertiesPath":"C:\\Users\\13923\\DevEcoStudioProjects\\frist\\local.properties","Path":"D:\\Harmony\\","note":"false","aceProfilePath":"C:\\Users\\13923\\DevEcoStudioProjects\\frist\\entry\\.preview\\default\\intermediates\\res\\default\\resources\\base\\profile","isPreview":"true","hapMode":"false","buildMode":"debug","img2bin":"true","projectProfilePath":"C:\\Users\\13923\\DevEcoStudioProjects\\frist\\build-profile.json5","watchMode":"true","appResource":"C:\\Users\\13923\\DevEcoStudioProjects\\frist\\entry\\.preview\\default\\intermediates\\res\\default\\ResourceTable.txt","logLevel":"3","stageRouterConfig":{"contents":["{\"module\":{\"pages\":\"$profile:main_pages\",\"name\":\"entry\"}}","{\"src\":[\"pages/ToDoListPage\"]}"],"paths":["C:\\Users\\13923\\DevEcoStudioProjects\\frist\\entry\\.preview\\default\\intermediates\\res\\default\\module.json","C:\\Users\\13923\\DevEcoStudioProjects\\frist\\entry\\.preview\\default\\intermediates\\res\\default\\resources\\base\\profile\\main_pages.json"]},"port":"29903","aceBuildJson":"C:\\Users\\13923\\DevEcoStudioProjects\\frist\\entry\\.preview\\default\\intermediates\\loader\\default\\loader.json","aceModuleRoot":"C:\\Users\\13923\\DevEcoStudioProjects\\frist\\entry\\src\\main\\ets","aceSoPath":"C:\\Users\\13923\\DevEcoStudioProjects\\frist\\entry\\.preview\\cache\\nativeDependencies.txt","cachePath":"C:\\Users\\13923\\DevEcoStudioProjects\\frist\\entry\\.preview\\cache","aceModuleBuild":"C:\\Users\\13923\\DevEcoStudioProjects\\frist\\entry\\.preview\\default\\intermediates\\assets\\default\\ets","aceSuperVisualPath":"C:\\Users\\13923\\DevEcoStudioProjects\\frist\\entry\\src\\main\\supervisual","aceModuleJsonPath":"C:\\Users\\13923\\DevEcoStudioProjects\\frist\\entry\\.preview\\default\\intermediates\\res\\default\\module.json"}