{"C:\\Users\\13923\\DevEcoStudioProjects\\frist\\AppScope\\app.json5":{"hashValue":"cb422f912d38b286aa9766586a3cf70f","name":"app.json5","path":"C:\\Users\\13923\\DevEcoStudioProjects\\frist\\AppScope\\app.json5","type":"file","isSymbolicLink":false,"fileMetaData":{"size":212,"lastModifiedTime":1712063017197}},"C:\\Users\\13923\\DevEcoStudioProjects\\frist\\entry\\src\\main\\module.json5":{"hashValue":"5c661a72ee8562144d58074107ff9fab","name":"module.json5","path":"C:\\Users\\13923\\DevEcoStudioProjects\\frist\\entry\\src\\main\\module.json5","type":"file","isSymbolicLink":false,"fileMetaData":{"size":934,"lastModifiedTime":1712063017141}},"C:\\Users\\13923\\DevEcoStudioProjects\\frist\\entry\\.preview\\default\\intermediates\\merge_profile\\default\\module.json":{"hashValue":"afc8a6141bfc55987236bd21efa0d4b5","name":"module.json","path":"C:\\Users\\13923\\DevEcoStudioProjects\\frist\\entry\\.preview\\default\\intermediates\\merge_profile\\default\\module.json","type":"file","isSymbolicLink":false,"fileMetaData":{"size":1055,"lastModifiedTime":1712070990902}},"C:\\Users\\13923\\DevEcoStudioProjects\\frist\\entry\\.preview\\default\\intermediates\\loader\\default\\loader.json":{"hashValue":"59ecc75e4ab70ad68d6d442317ef87ba","name":"loader.json","path":"C:\\Users\\13923\\DevEcoStudioProjects\\frist\\entry\\.preview\\default\\intermediates\\loader\\default\\loader.json","type":"file","isSymbolicLink":false,"fileMetaData":{"size":384,"lastModifiedTime":1712070990908}},"C:\\Users\\13923\\DevEcoStudioProjects\\frist\\entry\\.preview\\default\\intermediates\\process_profile\\default\\module.json":{"hashValue":"00d6fef6790955dd966721eb700303cc","name":"module.json","path":"C:\\Users\\13923\\DevEcoStudioProjects\\frist\\entry\\.preview\\default\\intermediates\\process_profile\\default\\module.json","type":"file","isSymbolicLink":false,"fileMetaData":{"size":1140,"lastModifiedTime":1712070991017}},"{\"commandList\":[\"C:\\\\Users\\\\13923\\\\AppData\\\\Local\\\\Huawei\\\\Sdk\\\\openharmony\\\\9\\\\toolchains\\\\restool.exe\",\"-m\",\"entry\",\"-f\",\"-j\",\"C:\\\\Users\\\\13923\\\\DevEcoStudioProjects\\\\frist\\\\entry\\\\.preview\\\\default\\\\intermediates\\\\process_profile\\\\default\\\\module.json\",\"-p\",\"com.example.frist\",\"-o\",\"C:\\\\Users\\\\13923\\\\DevEcoStudioProjects\\\\frist\\\\entry\\\\.preview\\\\default\\\\intermediates\\\\res\\\\default\",\"-r\",\"C:\\\\Users\\\\13923\\\\DevEcoStudioProjects\\\\frist\\\\entry\\\\.preview\\\\default\\\\generated\\\\r\\\\default\\\\ResourceTable.h\"],\"inputFiles\":{\"_group\":{}},\"outputFiles\":{\"_group\":{}},\"existsResourceDir\":true,\"restoolLinkParamObj\":{\"appScopeResources\":\"C:\\\\Users\\\\13923\\\\DevEcoStudioProjects\\\\frist\\\\AppScope\\\\resources\",\"moduleResourcesMap\":{},\"harResourcesMap\":{},\"outputPath\":\"C:\\\\Users\\\\13923\\\\DevEcoStudioProjects\\\\frist\\\\entry\\\\.preview\\\\default\\\\intermediates\\\\res\\\\default\",\"linkCommand\":[\"C:\\\\Users\\\\13923\\\\AppData\\\\Local\\\\Huawei\\\\Sdk\\\\openharmony\\\\9\\\\toolchains\\\\restool.exe\",\"-m\",\"entry\",\"-f\",\"-j\",\"C:\\\\Users\\\\13923\\\\DevEcoStudioProjects\\\\frist\\\\entry\\\\.preview\\\\default\\\\intermediates\\\\process_profile\\\\default\\\\module.json\",\"-p\",\"com.example.frist\",\"-r\",\"C:\\\\Users\\\\13923\\\\DevEcoStudioProjects\\\\frist\\\\entry\\\\.preview\\\\default\\\\generated\\\\r\\\\default\\\\ResourceTable.h\",\"-z\"]}}":{"hashValue":"","name":"emptyroot","path":"","type":"unknown","isSymbolicLink":false,"children":[]},"C:\\Users\\13923\\DevEcoStudioProjects\\frist\\entry\\src\\main\\resources":{"hashValue":"a1f4e886b58dfec94df0dbda692a1010","name":"resources","path":"C:\\Users\\13923\\DevEcoStudioProjects\\frist\\entry\\src\\main\\resources","type":"directory","isSymbolicLink":false,"children":[{"hashValue":"d7c1a2f844b1e2b4c95480f89613feea","name":"base","path":"C:\\Users\\13923\\DevEcoStudioProjects\\frist\\entry\\src\\main\\resources\\base","type":"directory","isSymbolicLink":false,"children":[{"hashValue":"7403e65c22af4b6076dc58c039088469","name":"element","path":"C:\\Users\\13923\\DevEcoStudioProjects\\frist\\entry\\src\\main\\resources\\base\\element","type":"directory","isSymbolicLink":false,"children":[{"hashValue":"9ec513b8b8b2874e5eeb7e6ab6298640","name":"color.json","path":"C:\\Users\\13923\\DevEcoStudioProjects\\frist\\entry\\src\\main\\resources\\base\\element\\color.json","type":"file","isSymbolicLink":false,"fileMetaData":{"size":180,"lastModifiedTime":1712070935644}},{"hashValue":"b83a357f792b5347ce62e0f7e61eaa1e","name":"float.json","path":"C:\\Users\\13923\\DevEcoStudioProjects\\frist\\entry\\src\\main\\resources\\base\\element\\float.json","type":"file","isSymbolicLink":false,"fileMetaData":{"size":604,"lastModifiedTime":1712070969974}},{"hashValue":"81cde5891892b40cefe5cef6721a074d","name":"string.json","path":"C:\\Users\\13923\\DevEcoStudioProjects\\frist\\entry\\src\\main\\resources\\base\\element\\string.json","type":"file","isSymbolicLink":false,"fileMetaData":{"size":319,"lastModifiedTime":1712070985813}}]},{"hashValue":"8a7da37cfdd523e32232d620bc06579f","name":"media","path":"C:\\Users\\13923\\DevEcoStudioProjects\\frist\\entry\\src\\main\\resources\\base\\media","type":"directory","isSymbolicLink":false,"children":[{"hashValue":"c8b50b2a12c9e2ee7f0ea487866a036b","name":"ic_default.png","path":"C:\\Users\\13923\\DevEcoStudioProjects\\frist\\entry\\src\\main\\resources\\base\\media\\ic_default.png","type":"file","isSymbolicLink":false,"fileMetaData":{"size":3384,"lastModifiedTime":1712062222527}},{"hashValue":"ede14840f562b5d56d363d6670a1286f","name":"ic_icon.png","path":"C:\\Users\\13923\\DevEcoStudioProjects\\frist\\entry\\src\\main\\resources\\base\\media\\ic_icon.png","type":"file","isSymbolicLink":false,"fileMetaData":{"size":6790,"lastModifiedTime":1712062222533}},{"hashValue":"fc18a5d0247f7e80a8cad8ef129f2b43","name":"ic_ok.png","path":"C:\\Users\\13923\\DevEcoStudioProjects\\frist\\entry\\src\\main\\resources\\base\\media\\ic_ok.png","type":"file","isSymbolicLink":false,"fileMetaData":{"size":2229,"lastModifiedTime":1712062222541}},{"hashValue":"3b9220a08b0573d371957d0cc80ae7b0","name":"icon.png","path":"C:\\Users\\13923\\DevEcoStudioProjects\\frist\\entry\\src\\main\\resources\\base\\media\\icon.png","type":"file","isSymbolicLink":false,"fileMetaData":{"size":6790,"lastModifiedTime":1712063016268}}]},{"hashValue":"86ec51a3a724fd5b5d020d47cf272549","name":"profile","path":"C:\\Users\\13923\\DevEcoStudioProjects\\frist\\entry\\src\\main\\resources\\base\\profile","type":"directory","isSymbolicLink":false,"children":[{"hashValue":"150fde0b8d179db4f363364e02d52042","name":"main_pages.json","path":"C:\\Users\\13923\\DevEcoStudioProjects\\frist\\entry\\src\\main\\resources\\base\\profile\\main_pages.json","type":"file","isSymbolicLink":false,"fileMetaData":{"size":44,"lastModifiedTime":1712063129666}}]}]},{"hashValue":"587f70b874112e74452d2f6bfe8d0af8","name":"en_US","path":"C:\\Users\\13923\\DevEcoStudioProjects\\frist\\entry\\src\\main\\resources\\en_US","type":"directory","isSymbolicLink":false,"children":[{"hashValue":"6f5725cdd4eb9ae690040fc8e504fd99","name":"element","path":"C:\\Users\\13923\\DevEcoStudioProjects\\frist\\entry\\src\\main\\resources\\en_US\\element","type":"directory","isSymbolicLink":false,"children":[{"hashValue":"14c7e2c6c2f1eb64f4e0e0b1701de117","name":"string.json","path":"C:\\Users\\13923\\DevEcoStudioProjects\\frist\\entry\\src\\main\\resources\\en_US\\element\\string.json","type":"file","isSymbolicLink":false,"fileMetaData":{"size":247,"lastModifiedTime":1712063017226}}]}]},{"hashValue":"","name":"rawfile","path":"C:\\Users\\13923\\DevEcoStudioProjects\\frist\\entry\\src\\main\\resources\\rawfile","type":"directory","isSymbolicLink":false,"children":[]},{"hashValue":"1a26ce77063fedca44efba29ca61b6a2","name":"zh_CN","path":"C:\\Users\\13923\\DevEcoStudioProjects\\frist\\entry\\src\\main\\resources\\zh_CN","type":"directory","isSymbolicLink":false,"children":[{"hashValue":"b5b9549f27c632bc7fe042d0165508de","name":"element","path":"C:\\Users\\13923\\DevEcoStudioProjects\\frist\\entry\\src\\main\\resources\\zh_CN\\element","type":"directory","isSymbolicLink":false,"children":[{"hashValue":"ca0461b5ab6d548d56b80e0e901e53fd","name":"string.json","path":"C:\\Users\\13923\\DevEcoStudioProjects\\frist\\entry\\src\\main\\resources\\zh_CN\\element\\string.json","type":"file","isSymbolicLink":false,"fileMetaData":{"size":241,"lastModifiedTime":1712063017127}}]}]}]},"C:\\Users\\13923\\DevEcoStudioProjects\\frist\\AppScope\\resources":{"hashValue":"1902a1b76615ce944e0820d72ceda771","name":"resources","path":"C:\\Users\\13923\\DevEcoStudioProjects\\frist\\AppScope\\resources","type":"directory","isSymbolicLink":false,"children":[{"hashValue":"182b8084bd5216c9342050951e9ada3a","name":"base","path":"C:\\Users\\13923\\DevEcoStudioProjects\\frist\\AppScope\\resources\\base","type":"directory","isSymbolicLink":false,"children":[{"hashValue":"32c1806cc1fc04fccc82dabd7b26ad22","name":"element","path":"C:\\Users\\13923\\DevEcoStudioProjects\\frist\\AppScope\\resources\\base\\element","type":"directory","isSymbolicLink":false,"children":[{"hashValue":"f3a66125a1714b98d188f49397256d61","name":"string.json","path":"C:\\Users\\13923\\DevEcoStudioProjects\\frist\\AppScope\\resources\\base\\element\\string.json","type":"file","isSymbolicLink":false,"fileMetaData":{"size":91,"lastModifiedTime":1712063015805}}]},{"hashValue":"10153fcd876dd18347ba6425c13ee422","name":"media","path":"C:\\Users\\13923\\DevEcoStudioProjects\\frist\\AppScope\\resources\\base\\media","type":"directory","isSymbolicLink":false,"children":[{"hashValue":"0f89aaecc13f814b49e609f1c3dec6c5","name":"app_icon.png","path":"C:\\Users\\13923\\DevEcoStudioProjects\\frist\\AppScope\\resources\\base\\media\\app_icon.png","type":"file","isSymbolicLink":false,"fileMetaData":{"size":6790,"lastModifiedTime":1712063015779}}]}]}]},"C:\\Users\\13923\\DevEcoStudioProjects\\frist\\entry\\.preview\\default\\intermediates\\res\\default":{"hashValue":"8e2fb3fdc56bf3ad09d3619be67e5d74","name":"default","path":"C:\\Users\\13923\\DevEcoStudioProjects\\frist\\entry\\.preview\\default\\intermediates\\res\\default","type":"directory","isSymbolicLink":false,"children":[{"hashValue":"9ccddf6818a25a43e0a769ec87862ee0","name":"app_compiled","path":"C:\\Users\\13923\\DevEcoStudioProjects\\frist\\entry\\.preview\\default\\intermediates\\res\\default\\app_compiled","type":"directory","isSymbolicLink":false,"children":[{"hashValue":"07a84b4c13c1b31f1e405ee056d47a0d","name":"4048242831381048248","path":"C:\\Users\\13923\\DevEcoStudioProjects\\frist\\entry\\.preview\\default\\intermediates\\res\\default\\app_compiled\\4048242831381048248","type":"file","isSymbolicLink":false,"fileMetaData":{"size":208,"lastModifiedTime":1712070991072}},{"hashValue":"2607cc88909ee1b19ff74e0ea32cf3ed","name":"9935035575190699539","path":"C:\\Users\\13923\\DevEcoStudioProjects\\frist\\entry\\.preview\\default\\intermediates\\res\\default\\app_compiled\\9935035575190699539","type":"file","isSymbolicLink":false,"fileMetaData":{"size":126,"lastModifiedTime":1712070991072}}]},{"hashValue":"252d775e3ab182a65badc937d5486d12","name":"module_compiled","path":"C:\\Users\\13923\\DevEcoStudioProjects\\frist\\entry\\.preview\\default\\intermediates\\res\\default\\module_compiled","type":"directory","isSymbolicLink":false,"children":[{"hashValue":"10890d961febadda2bc68861df15da2c","name":"10643729184249637471","path":"C:\\Users\\13923\\DevEcoStudioProjects\\frist\\entry\\.preview\\default\\intermediates\\res\\default\\module_compiled\\10643729184249637471","type":"file","isSymbolicLink":false,"fileMetaData":{"size":491,"lastModifiedTime":1712070991123}},{"hashValue":"908256d99a6dd6e4fcfba6b32b322590","name":"10784908630793210212","path":"C:\\Users\\13923\\DevEcoStudioProjects\\frist\\entry\\.preview\\default\\intermediates\\res\\default\\module_compiled\\10784908630793210212","type":"file","isSymbolicLink":false,"fileMetaData":{"size":1102,"lastModifiedTime":1712070991121}},{"hashValue":"744c057ad243591004fc1939c8e7807f","name":"1663267081920564865","path":"C:\\Users\\13923\\DevEcoStudioProjects\\frist\\entry\\.preview\\default\\intermediates\\res\\default\\module_compiled\\1663267081920564865","type":"file","isSymbolicLink":false,"fileMetaData":{"size":579,"lastModifiedTime":1712070991121}},{"hashValue":"f78ed0b38aca131968757fb4a2b5a8b0","name":"6322878434956705577","path":"C:\\Users\\13923\\DevEcoStudioProjects\\frist\\entry\\.preview\\default\\intermediates\\res\\default\\module_compiled\\6322878434956705577","type":"file","isSymbolicLink":false,"fileMetaData":{"size":208,"lastModifiedTime":1712070991121}},{"hashValue":"0639e892b826b4cb7a8ee71c06b5d45b","name":"737556781604185475","path":"C:\\Users\\13923\\DevEcoStudioProjects\\frist\\entry\\.preview\\default\\intermediates\\res\\default\\module_compiled\\737556781604185475","type":"file","isSymbolicLink":false,"fileMetaData":{"size":233,"lastModifiedTime":1712070991123}},{"hashValue":"2c12e09f1f62ded4f3e9bed3b97d399f","name":"7571386407538465182","path":"C:\\Users\\13923\\DevEcoStudioProjects\\frist\\entry\\.preview\\default\\intermediates\\res\\default\\module_compiled\\7571386407538465182","type":"file","isSymbolicLink":false,"fileMetaData":{"size":485,"lastModifiedTime":1712070991124}},{"hashValue":"f4fd370aa171a7f6d69e7da47101e177","name":"8024385175163338504","path":"C:\\Users\\13923\\DevEcoStudioProjects\\frist\\entry\\.preview\\default\\intermediates\\res\\default\\module_compiled\\8024385175163338504","type":"file","isSymbolicLink":false,"fileMetaData":{"size":288,"lastModifiedTime":1712070991121}}]},{"hashValue":"8c26ad2a260bcf72e01e88f6bb412189","name":"module.json","path":"C:\\Users\\13923\\DevEcoStudioProjects\\frist\\entry\\.preview\\default\\intermediates\\res\\default\\module.json","type":"file","isSymbolicLink":false,"fileMetaData":{"size":2041,"lastModifiedTime":1712070991198}},{"hashValue":"5139a47c3f5ec4ca08b85efa84c7d956","name":"resources","path":"C:\\Users\\13923\\DevEcoStudioProjects\\frist\\entry\\.preview\\default\\intermediates\\res\\default\\resources","type":"directory","isSymbolicLink":false,"children":[{"hashValue":"2ad23859b9c3cac0863619aae4d74a62","name":"base","path":"C:\\Users\\13923\\DevEcoStudioProjects\\frist\\entry\\.preview\\default\\intermediates\\res\\default\\resources\\base","type":"directory","isSymbolicLink":false,"children":[{"hashValue":"3aedca899c307d32eae4834e0ffadaec","name":"profile","path":"C:\\Users\\13923\\DevEcoStudioProjects\\frist\\entry\\.preview\\default\\intermediates\\res\\default\\resources\\base\\profile","type":"directory","isSymbolicLink":false,"children":[{"hashValue":"315e21fdc7c869fad2e9caa23a6370cc","name":"main_pages.json","path":"C:\\Users\\13923\\DevEcoStudioProjects\\frist\\entry\\.preview\\default\\intermediates\\res\\default\\resources\\base\\profile\\main_pages.json","type":"file","isSymbolicLink":false,"fileMetaData":{"size":30,"lastModifiedTime":1712070991219}}]}]}]},{"hashValue":"60d1035c80cc01369523cd24ea5ce3a2","name":"resources.index","path":"C:\\Users\\13923\\DevEcoStudioProjects\\frist\\entry\\.preview\\default\\intermediates\\res\\default\\resources.index","type":"file","isSymbolicLink":false,"fileMetaData":{"size":1619,"lastModifiedTime":1712070991197}},{"hashValue":"9e1768a8102b79a4d6e8c8d869f6a62e","name":"ResourceTable.txt","path":"C:\\Users\\13923\\DevEcoStudioProjects\\frist\\entry\\.preview\\default\\intermediates\\res\\default\\ResourceTable.txt","type":"file","isSymbolicLink":false,"fileMetaData":{"size":580,"lastModifiedTime":1712070991198}}]},"C:\\Users\\13923\\DevEcoStudioProjects\\frist\\entry\\.preview\\default\\generated\\r\\default\\ResourceTable.h":{"hashValue":"0693450d2ca0daaf5845369dd161fc55","name":"ResourceTable.h","path":"C:\\Users\\13923\\DevEcoStudioProjects\\frist\\entry\\.preview\\default\\generated\\r\\default\\ResourceTable.h","type":"file","isSymbolicLink":false,"fileMetaData":{"size":1592,"lastModifiedTime":1712070991198}},"C:\\Users\\13923\\DevEcoStudioProjects\\frist\\entry\\.preview\\default\\generated\\r\\default":{"hashValue":"1b058338cd46f676d78c5359a01ef75c","name":"default","path":"C:\\Users\\13923\\DevEcoStudioProjects\\frist\\entry\\.preview\\default\\generated\\r\\default","type":"directory","isSymbolicLink":false,"children":[{"hashValue":"0693450d2ca0daaf5845369dd161fc55","name":"ResourceTable.h","path":"C:\\Users\\13923\\DevEcoStudioProjects\\frist\\entry\\.preview\\default\\generated\\r\\default\\ResourceTable.h","type":"file","isSymbolicLink":false,"fileMetaData":{"size":1592,"lastModifiedTime":1712070991198}}]},"C:\\Users\\13923\\DevEcoStudioProjects\\frist\\entry\\.preview\\config\\buildConfig.json":{"hashValue":"406054b619e4f180e034a00e73293163","name":"buildConfig.json","path":"C:\\Users\\13923\\DevEcoStudioProjects\\frist\\entry\\.preview\\config\\buildConfig.json","type":"file","isSymbolicLink":false,"fileMetaData":{"size":1861,"lastModifiedTime":1712070987656}},"C:\\Users\\13923\\DevEcoStudioProjects\\frist\\entry\\.preview\\default\\intermediates\\res\\default\\module.json":{"hashValue":"8c26ad2a260bcf72e01e88f6bb412189","name":"module.json","path":"C:\\Users\\13923\\DevEcoStudioProjects\\frist\\entry\\.preview\\default\\intermediates\\res\\default\\module.json","type":"file","isSymbolicLink":false,"fileMetaData":{"size":2041,"lastModifiedTime":1712070991198}},"C:\\Users\\13923\\DevEcoStudioProjects\\frist\\entry\\.preview\\default\\intermediates\\res\\default\\resources\\base\\profile\\main_pages.json":{"hashValue":"315e21fdc7c869fad2e9caa23a6370cc","name":"main_pages.json","path":"C:\\Users\\13923\\DevEcoStudioProjects\\frist\\entry\\.preview\\default\\intermediates\\res\\default\\resources\\base\\profile\\main_pages.json","type":"file","isSymbolicLink":false,"fileMetaData":{"size":30,"lastModifiedTime":1712070991219}},"C:\\Users\\13923\\DevEcoStudioProjects\\frist\\entry\\.preview\\default\\intermediates\\loader\\default":{"hashValue":"3c91ff9936f0e1726fe16af356c9c087","name":"default","path":"C:\\Users\\13923\\DevEcoStudioProjects\\frist\\entry\\.preview\\default\\intermediates\\loader\\default","type":"directory","isSymbolicLink":false,"children":[{"hashValue":"59ecc75e4ab70ad68d6d442317ef87ba","name":"loader.json","path":"C:\\Users\\13923\\DevEcoStudioProjects\\frist\\entry\\.preview\\default\\intermediates\\loader\\default\\loader.json","type":"file","isSymbolicLink":false,"fileMetaData":{"size":384,"lastModifiedTime":1712070990908}}]},"C:\\Users\\13923\\DevEcoStudioProjects\\frist\\entry\\.preview\\default\\intermediates\\res\\default\\ResourceTable.txt":{"hashValue":"9e1768a8102b79a4d6e8c8d869f6a62e","name":"ResourceTable.txt","path":"C:\\Users\\13923\\DevEcoStudioProjects\\frist\\entry\\.preview\\default\\intermediates\\res\\default\\ResourceTable.txt","type":"file","isSymbolicLink":false,"fileMetaData":{"size":580,"lastModifiedTime":1712070991198}},"C:\\Users\\13923\\DevEcoStudioProjects\\frist\\entry\\.preview\\default\\intermediates\\res\\default\\resources\\base\\profile":{"hashValue":"3aedca899c307d32eae4834e0ffadaec","name":"profile","path":"C:\\Users\\13923\\DevEcoStudioProjects\\frist\\entry\\.preview\\default\\intermediates\\res\\default\\resources\\base\\profile","type":"directory","isSymbolicLink":false,"children":[{"hashValue":"315e21fdc7c869fad2e9caa23a6370cc","name":"main_pages.json","path":"C:\\Users\\13923\\DevEcoStudioProjects\\frist\\entry\\.preview\\default\\intermediates\\res\\default\\resources\\base\\profile\\main_pages.json","type":"file","isSymbolicLink":false,"fileMetaData":{"size":30,"lastModifiedTime":1712070991219}}]},"C:\\Users\\13923\\DevEcoStudioProjects\\frist\\entry\\src\\main\\ets":{"hashValue":"da59e3c4df5fbc6a43647ef572bd48b2","name":"ets","path":"C:\\Users\\13923\\DevEcoStudioProjects\\frist\\entry\\src\\main\\ets","type":"directory","isSymbolicLink":false,"children":[{"hashValue":"f4935e2d26b1ee3c7880396c71f87ac6","name":"common","path":"C:\\Users\\13923\\DevEcoStudioProjects\\frist\\entry\\src\\main\\ets\\common","type":"directory","isSymbolicLink":false,"children":[{"hashValue":"b5c4cf35936345fff36238472b0a95dc","name":"constants","path":"C:\\Users\\13923\\DevEcoStudioProjects\\frist\\entry\\src\\main\\ets\\common\\constants","type":"directory","isSymbolicLink":false,"children":[{"hashValue":"e1fedb458e3c7cad0e242640c1cab0d2","name":"CommonConstants.ets","path":"C:\\Users\\13923\\DevEcoStudioProjects\\frist\\entry\\src\\main\\ets\\common\\constants\\CommonConstants.ets","type":"file","isSymbolicLink":false,"fileMetaData":{"size":961,"lastModifiedTime":1712070072084}}]}]},{"hashValue":"7bcd24101ea419323b6e0e8fd45428bb","name":"entryability","path":"C:\\Users\\13923\\DevEcoStudioProjects\\frist\\entry\\src\\main\\ets\\entryability","type":"directory","isSymbolicLink":false,"children":[{"hashValue":"d43b647151897c2e9818ddda5cc8a045","name":"EntryAbility.ts","path":"C:\\Users\\13923\\DevEcoStudioProjects\\frist\\entry\\src\\main\\ets\\entryability\\EntryAbility.ts","type":"file","isSymbolicLink":false,"fileMetaData":{"size":756,"lastModifiedTime":1712070100922}}]},{"hashValue":"aa1f59c5056e5fc4e65a491eec26f60b","name":"pages","path":"C:\\Users\\13923\\DevEcoStudioProjects\\frist\\entry\\src\\main\\ets\\pages","type":"directory","isSymbolicLink":false,"children":[{"hashValue":"9fd4b5ae8da2fdd7bb9c612aa2c143ce","name":"ToDoListPage.ets","path":"C:\\Users\\13923\\DevEcoStudioProjects\\frist\\entry\\src\\main\\ets\\pages\\ToDoListPage.ets","type":"file","isSymbolicLink":false,"fileMetaData":{"size":1052,"lastModifiedTime":1712070033470}}]},{"hashValue":"a27ee648094d029ad9b03bb4df504540","name":"view","path":"C:\\Users\\13923\\DevEcoStudioProjects\\frist\\entry\\src\\main\\ets\\view","type":"directory","isSymbolicLink":false,"children":[{"hashValue":"3ab09364693b57e296d1786f2dbaa791","name":"ToDoItem.ets","path":"C:\\Users\\13923\\DevEcoStudioProjects\\frist\\entry\\src\\main\\ets\\view\\ToDoItem.ets","type":"file","isSymbolicLink":false,"fileMetaData":{"size":1244,"lastModifiedTime":1712070171935}}]},{"hashValue":"375ececdcb07acc3ad2ccff5c5522a7d","name":"viewmodel","path":"C:\\Users\\13923\\DevEcoStudioProjects\\frist\\entry\\src\\main\\ets\\viewmodel","type":"directory","isSymbolicLink":false,"children":[{"hashValue":"df5e4437339ee23e36fe806c2a51ea0a","name":"DataModel.ets","path":"C:\\Users\\13923\\DevEcoStudioProjects\\frist\\entry\\src\\main\\ets\\viewmodel\\DataModel.ets","type":"file","isSymbolicLink":false,"fileMetaData":{"size":386,"lastModifiedTime":1712070162376}}]}]},"C:\\Users\\13923\\DevEcoStudioProjects\\frist\\entry\\.preview\\default\\intermediates\\loader_out\\default\\ets":{"hashValue":"","name":"emptyroot","path":"","type":"unknown","isSymbolicLink":false,"children":[]},"C:\\Users\\13923\\DevEcoStudioProjects\\frist\\entry\\build\\default\\intermediates\\hap_metadata\\default\\output_metadata.json":{"hashValue":"1a744265a55781d09597c1fd62bbc366","name":"output_metadata.json","path":"C:\\Users\\13923\\DevEcoStudioProjects\\frist\\entry\\build\\default\\intermediates\\hap_metadata\\default\\output_metadata.json","type":"file","isSymbolicLink":false,"fileMetaData":{"size":93,"lastModifiedTime":1712070293043}},"C:\\Users\\13923\\DevEcoStudioProjects\\frist\\entry\\build\\default\\intermediates\\merge_profile\\default\\module.json":{"hashValue":"8d945165efb688276f0dd5fb98af6bad","name":"module.json","path":"C:\\Users\\13923\\DevEcoStudioProjects\\frist\\entry\\build\\default\\intermediates\\merge_profile\\default\\module.json","type":"file","isSymbolicLink":false,"fileMetaData":{"size":1055,"lastModifiedTime":1712071094189}},"C:\\Users\\13923\\DevEcoStudioProjects\\frist\\entry\\build\\default\\intermediates\\loader\\default\\loader.json":{"hashValue":"9e91920562f22e16509e04e2bc9c21d9","name":"loader.json","path":"C:\\Users\\13923\\DevEcoStudioProjects\\frist\\entry\\build\\default\\intermediates\\loader\\default\\loader.json","type":"file","isSymbolicLink":false,"fileMetaData":{"size":381,"lastModifiedTime":1712071094194}},"C:\\Users\\13923\\DevEcoStudioProjects\\frist\\entry\\build\\default\\outputs\\default\\pack.info":{"hashValue":"996dcb1a5db1a3290c5763662fa62fed","name":"pack.info","path":"C:\\Users\\13923\\DevEcoStudioProjects\\frist\\entry\\build\\default\\outputs\\default\\pack.info","type":"file","isSymbolicLink":false,"fileMetaData":{"size":535,"lastModifiedTime":1712070293070}},"C:\\Users\\13923\\DevEcoStudioProjects\\frist\\entry\\build\\default\\intermediates\\process_profile\\default\\module.json":{"hashValue":"14782743e98eca6d093b1340c9ce4e6a","name":"module.json","path":"C:\\Users\\13923\\DevEcoStudioProjects\\frist\\entry\\build\\default\\intermediates\\process_profile\\default\\module.json","type":"file","isSymbolicLink":false,"fileMetaData":{"size":1140,"lastModifiedTime":1712071094285}},"C:\\Users\\13923\\DevEcoStudioProjects\\frist\\entry\\build\\default\\intermediates\\res\\default\\resConfig.json":{"hashValue":"4b907b0a924138f5e64907ce4c94a839","name":"resConfig.json","path":"C:\\Users\\13923\\DevEcoStudioProjects\\frist\\entry\\build\\default\\intermediates\\res\\default\\resConfig.json","type":"file","isSymbolicLink":false,"fileMetaData":{"size":640,"lastModifiedTime":1712070293229}},"C:\\Users\\13923\\DevEcoStudioProjects\\frist\\entry\\build\\default\\intermediates\\libs\\default":{"hashValue":"","name":"default","path":"C:\\Users\\13923\\DevEcoStudioProjects\\frist\\entry\\build\\default\\intermediates\\libs\\default","type":"directory","isSymbolicLink":false,"children":[]},"C:\\Users\\13923\\DevEcoStudioProjects\\frist\\entry\\build\\default\\intermediates\\res\\default":{"hashValue":"5682dc85f398ef901af517f392c54ca0","name":"default","path":"C:\\Users\\13923\\DevEcoStudioProjects\\frist\\entry\\build\\default\\intermediates\\res\\default","type":"directory","isSymbolicLink":false,"children":[{"hashValue":"3fa5eacf49d000290eedaac84e50be2c","name":"module.json","path":"C:\\Users\\13923\\DevEcoStudioProjects\\frist\\entry\\build\\default\\intermediates\\res\\default\\module.json","type":"file","isSymbolicLink":false,"fileMetaData":{"size":2041,"lastModifiedTime":1712071094356}},{"hashValue":"4b907b0a924138f5e64907ce4c94a839","name":"resConfig.json","path":"C:\\Users\\13923\\DevEcoStudioProjects\\frist\\entry\\build\\default\\intermediates\\res\\default\\resConfig.json","type":"file","isSymbolicLink":false,"fileMetaData":{"size":640,"lastModifiedTime":1712070293229}},{"hashValue":"0bafee766dde8674c9bbdc3faae8c62c","name":"resources","path":"C:\\Users\\13923\\DevEcoStudioProjects\\frist\\entry\\build\\default\\intermediates\\res\\default\\resources","type":"directory","isSymbolicLink":false,"children":[{"hashValue":"b2060e98304165541e9a654353623fe2","name":"base","path":"C:\\Users\\13923\\DevEcoStudioProjects\\frist\\entry\\build\\default\\intermediates\\res\\default\\resources\\base","type":"directory","isSymbolicLink":false,"children":[{"hashValue":"e9e7e210d2d905919a7b8dfcf730a116","name":"media","path":"C:\\Users\\13923\\DevEcoStudioProjects\\frist\\entry\\build\\default\\intermediates\\res\\default\\resources\\base\\media","type":"directory","isSymbolicLink":false,"children":[{"hashValue":"0f89aaecc13f814b49e609f1c3dec6c5","name":"app_icon.png","path":"C:\\Users\\13923\\DevEcoStudioProjects\\frist\\entry\\build\\default\\intermediates\\res\\default\\resources\\base\\media\\app_icon.png","type":"file","isSymbolicLink":false,"fileMetaData":{"size":6790,"lastModifiedTime":1712063015779}},{"hashValue":"c8b50b2a12c9e2ee7f0ea487866a036b","name":"ic_default.png","path":"C:\\Users\\13923\\DevEcoStudioProjects\\frist\\entry\\build\\default\\intermediates\\res\\default\\resources\\base\\media\\ic_default.png","type":"file","isSymbolicLink":false,"fileMetaData":{"size":3384,"lastModifiedTime":1712062222527}},{"hashValue":"ede14840f562b5d56d363d6670a1286f","name":"ic_icon.png","path":"C:\\Users\\13923\\DevEcoStudioProjects\\frist\\entry\\build\\default\\intermediates\\res\\default\\resources\\base\\media\\ic_icon.png","type":"file","isSymbolicLink":false,"fileMetaData":{"size":6790,"lastModifiedTime":1712062222533}},{"hashValue":"fc18a5d0247f7e80a8cad8ef129f2b43","name":"ic_ok.png","path":"C:\\Users\\13923\\DevEcoStudioProjects\\frist\\entry\\build\\default\\intermediates\\res\\default\\resources\\base\\media\\ic_ok.png","type":"file","isSymbolicLink":false,"fileMetaData":{"size":2229,"lastModifiedTime":1712062222541}},{"hashValue":"3b9220a08b0573d371957d0cc80ae7b0","name":"icon.png","path":"C:\\Users\\13923\\DevEcoStudioProjects\\frist\\entry\\build\\default\\intermediates\\res\\default\\resources\\base\\media\\icon.png","type":"file","isSymbolicLink":false,"fileMetaData":{"size":6790,"lastModifiedTime":1712063016268}}]},{"hashValue":"86ec51a3a724fd5b5d020d47cf272549","name":"profile","path":"C:\\Users\\13923\\DevEcoStudioProjects\\frist\\entry\\build\\default\\intermediates\\res\\default\\resources\\base\\profile","type":"directory","isSymbolicLink":false,"children":[{"hashValue":"150fde0b8d179db4f363364e02d52042","name":"main_pages.json","path":"C:\\Users\\13923\\DevEcoStudioProjects\\frist\\entry\\build\\default\\intermediates\\res\\default\\resources\\base\\profile\\main_pages.json","type":"file","isSymbolicLink":false,"fileMetaData":{"size":44,"lastModifiedTime":1712063129666}}]}]},{"hashValue":"","name":"rawfile","path":"C:\\Users\\13923\\DevEcoStudioProjects\\frist\\entry\\build\\default\\intermediates\\res\\default\\resources\\rawfile","type":"directory","isSymbolicLink":false,"children":[]}]},{"hashValue":"d99dc881f429d674e46d2a53bac6a3f2","name":"resources.index","path":"C:\\Users\\13923\\DevEcoStudioProjects\\frist\\entry\\build\\default\\intermediates\\res\\default\\resources.index","type":"file","isSymbolicLink":false,"fileMetaData":{"size":1687,"lastModifiedTime":1712071094356}},{"hashValue":"357cc19cf9039b01756f0c4c922d4be5","name":"ResourceTable.txt","path":"C:\\Users\\13923\\DevEcoStudioProjects\\frist\\entry\\build\\default\\intermediates\\res\\default\\ResourceTable.txt","type":"file","isSymbolicLink":false,"fileMetaData":{"size":656,"lastModifiedTime":1712071094355}}]},"C:\\Users\\13923\\DevEcoStudioProjects\\frist\\entry\\build\\default\\generated\\r\\default\\ResourceTable.h":{"hashValue":"7af355927b23971a61d49addf870f1f4","name":"ResourceTable.h","path":"C:\\Users\\13923\\DevEcoStudioProjects\\frist\\entry\\build\\default\\generated\\r\\default\\ResourceTable.h","type":"file","isSymbolicLink":false,"fileMetaData":{"size":1719,"lastModifiedTime":1712071094355}},"C:\\Users\\13923\\DevEcoStudioProjects\\frist\\entry\\build\\default\\generated\\r\\default":{"hashValue":"b50b0214cec24ff44e3b15fd6dab50b4","name":"default","path":"C:\\Users\\13923\\DevEcoStudioProjects\\frist\\entry\\build\\default\\generated\\r\\default","type":"directory","isSymbolicLink":false,"children":[{"hashValue":"7af355927b23971a61d49addf870f1f4","name":"ResourceTable.h","path":"C:\\Users\\13923\\DevEcoStudioProjects\\frist\\entry\\build\\default\\generated\\r\\default\\ResourceTable.h","type":"file","isSymbolicLink":false,"fileMetaData":{"size":1719,"lastModifiedTime":1712071094355}}]},"C:\\Users\\13923\\DevEcoStudioProjects\\frist\\entry\\build\\default\\intermediates\\loader\\default":{"hashValue":"fbcc0b11a64c342c4aac6bb4fe8ad68c","name":"default","path":"C:\\Users\\13923\\DevEcoStudioProjects\\frist\\entry\\build\\default\\intermediates\\loader\\default","type":"directory","isSymbolicLink":false,"children":[{"hashValue":"9e91920562f22e16509e04e2bc9c21d9","name":"loader.json","path":"C:\\Users\\13923\\DevEcoStudioProjects\\frist\\entry\\build\\default\\intermediates\\loader\\default\\loader.json","type":"file","isSymbolicLink":false,"fileMetaData":{"size":381,"lastModifiedTime":1712071094194}}]},"C:\\Users\\13923\\DevEcoStudioProjects\\frist\\entry\\build\\default\\intermediates\\res\\default\\ResourceTable.txt":{"hashValue":"357cc19cf9039b01756f0c4c922d4be5","name":"ResourceTable.txt","path":"C:\\Users\\13923\\DevEcoStudioProjects\\frist\\entry\\build\\default\\intermediates\\res\\default\\ResourceTable.txt","type":"file","isSymbolicLink":false,"fileMetaData":{"size":656,"lastModifiedTime":1712071094355}},"C:\\Users\\13923\\DevEcoStudioProjects\\frist\\entry\\build\\default\\intermediates\\res\\default\\module.json":{"hashValue":"3fa5eacf49d000290eedaac84e50be2c","name":"module.json","path":"C:\\Users\\13923\\DevEcoStudioProjects\\frist\\entry\\build\\default\\intermediates\\res\\default\\module.json","type":"file","isSymbolicLink":false,"fileMetaData":{"size":2041,"lastModifiedTime":1712071094356}},"C:\\Users\\13923\\DevEcoStudioProjects\\frist\\entry\\build\\default\\intermediates\\res\\default\\resources\\base\\profile":{"hashValue":"86ec51a3a724fd5b5d020d47cf272549","name":"profile","path":"C:\\Users\\13923\\DevEcoStudioProjects\\frist\\entry\\build\\default\\intermediates\\res\\default\\resources\\base\\profile","type":"directory","isSymbolicLink":false,"children":[{"hashValue":"150fde0b8d179db4f363364e02d52042","name":"main_pages.json","path":"C:\\Users\\13923\\DevEcoStudioProjects\\frist\\entry\\build\\default\\intermediates\\res\\default\\resources\\base\\profile\\main_pages.json","type":"file","isSymbolicLink":false,"fileMetaData":{"size":44,"lastModifiedTime":1712063129666}}]},"C:\\Users\\13923\\DevEcoStudioProjects\\frist\\entry\\build\\default\\intermediates\\loader_out\\default\\ets":{"hashValue":"eccb67303b982e936060b2bc4dac2257","name":"ets","path":"C:\\Users\\13923\\DevEcoStudioProjects\\frist\\entry\\build\\default\\intermediates\\loader_out\\default\\ets","type":"directory","isSymbolicLink":false,"children":[{"hashValue":"f9f8cf6830935a0bb07c1cca1552ad1a","name":"modules.abc","path":"C:\\Users\\13923\\DevEcoStudioProjects\\frist\\entry\\build\\default\\intermediates\\loader_out\\default\\ets\\modules.abc","type":"file","isSymbolicLink":false,"fileMetaData":{"size":28024,"lastModifiedTime":1712071097011}},{"hashValue":"83b2103619c595cd167c0e57ca0bedb0","name":"sourceMaps.map","path":"C:\\Users\\13923\\DevEcoStudioProjects\\frist\\entry\\build\\default\\intermediates\\loader_out\\default\\ets\\sourceMaps.map","type":"file","isSymbolicLink":false,"fileMetaData":{"size":28724,"lastModifiedTime":1712071096965}}]},"C:\\Users\\13923\\DevEcoStudioProjects\\frist\\entry\\build\\default\\intermediates\\loader_out\\default\\js":{"hashValue":"","name":"emptyroot","path":"","type":"unknown","isSymbolicLink":false,"children":[]},"C:\\Users\\13923\\DevEcoStudioProjects\\frist\\entry\\build\\default\\intermediates\\res\\default\\resources":{"hashValue":"0bafee766dde8674c9bbdc3faae8c62c","name":"resources","path":"C:\\Users\\13923\\DevEcoStudioProjects\\frist\\entry\\build\\default\\intermediates\\res\\default\\resources","type":"directory","isSymbolicLink":false,"children":[{"hashValue":"b2060e98304165541e9a654353623fe2","name":"base","path":"C:\\Users\\13923\\DevEcoStudioProjects\\frist\\entry\\build\\default\\intermediates\\res\\default\\resources\\base","type":"directory","isSymbolicLink":false,"children":[{"hashValue":"e9e7e210d2d905919a7b8dfcf730a116","name":"media","path":"C:\\Users\\13923\\DevEcoStudioProjects\\frist\\entry\\build\\default\\intermediates\\res\\default\\resources\\base\\media","type":"directory","isSymbolicLink":false,"children":[{"hashValue":"0f89aaecc13f814b49e609f1c3dec6c5","name":"app_icon.png","path":"C:\\Users\\13923\\DevEcoStudioProjects\\frist\\entry\\build\\default\\intermediates\\res\\default\\resources\\base\\media\\app_icon.png","type":"file","isSymbolicLink":false,"fileMetaData":{"size":6790,"lastModifiedTime":1712063015779}},{"hashValue":"c8b50b2a12c9e2ee7f0ea487866a036b","name":"ic_default.png","path":"C:\\Users\\13923\\DevEcoStudioProjects\\frist\\entry\\build\\default\\intermediates\\res\\default\\resources\\base\\media\\ic_default.png","type":"file","isSymbolicLink":false,"fileMetaData":{"size":3384,"lastModifiedTime":1712062222527}},{"hashValue":"ede14840f562b5d56d363d6670a1286f","name":"ic_icon.png","path":"C:\\Users\\13923\\DevEcoStudioProjects\\frist\\entry\\build\\default\\intermediates\\res\\default\\resources\\base\\media\\ic_icon.png","type":"file","isSymbolicLink":false,"fileMetaData":{"size":6790,"lastModifiedTime":1712062222533}},{"hashValue":"fc18a5d0247f7e80a8cad8ef129f2b43","name":"ic_ok.png","path":"C:\\Users\\13923\\DevEcoStudioProjects\\frist\\entry\\build\\default\\intermediates\\res\\default\\resources\\base\\media\\ic_ok.png","type":"file","isSymbolicLink":false,"fileMetaData":{"size":2229,"lastModifiedTime":1712062222541}},{"hashValue":"3b9220a08b0573d371957d0cc80ae7b0","name":"icon.png","path":"C:\\Users\\13923\\DevEcoStudioProjects\\frist\\entry\\build\\default\\intermediates\\res\\default\\resources\\base\\media\\icon.png","type":"file","isSymbolicLink":false,"fileMetaData":{"size":6790,"lastModifiedTime":1712063016268}}]},{"hashValue":"86ec51a3a724fd5b5d020d47cf272549","name":"profile","path":"C:\\Users\\13923\\DevEcoStudioProjects\\frist\\entry\\build\\default\\intermediates\\res\\default\\resources\\base\\profile","type":"directory","isSymbolicLink":false,"children":[{"hashValue":"150fde0b8d179db4f363364e02d52042","name":"main_pages.json","path":"C:\\Users\\13923\\DevEcoStudioProjects\\frist\\entry\\build\\default\\intermediates\\res\\default\\resources\\base\\profile\\main_pages.json","type":"file","isSymbolicLink":false,"fileMetaData":{"size":44,"lastModifiedTime":1712063129666}}]}]},{"hashValue":"","name":"rawfile","path":"C:\\Users\\13923\\DevEcoStudioProjects\\frist\\entry\\build\\default\\intermediates\\res\\default\\resources\\rawfile","type":"directory","isSymbolicLink":false,"children":[]}]},"C:\\Users\\13923\\DevEcoStudioProjects\\frist\\entry\\build\\default\\intermediates\\res\\default\\resources.index":{"hashValue":"d99dc881f429d674e46d2a53bac6a3f2","name":"resources.index","path":"C:\\Users\\13923\\DevEcoStudioProjects\\frist\\entry\\build\\default\\intermediates\\res\\default\\resources.index","type":"file","isSymbolicLink":false,"fileMetaData":{"size":1687,"lastModifiedTime":1712071094356}},"C:\\Users\\13923\\DevEcoStudioProjects\\frist\\entry\\build\\default\\outputs\\default\\entry-default-unsigned.hap":{"hashValue":"4de70318d7ae84d3ae81dfa78d9b0b11","name":"entry-default-unsigned.hap","path":"C:\\Users\\13923\\DevEcoStudioProjects\\frist\\entry\\build\\default\\outputs\\default\\entry-default-unsigned.hap","type":"file","isSymbolicLink":false,"fileMetaData":{"size":87782,"lastModifiedTime":1712071097812}},"C:\\Users\\13923\\DevEcoStudioProjects\\frist\\entry\\build\\default\\outputs\\default\\entry-default-signed.hap":{"hashValue":"","name":"emptyroot","path":"","type":"unknown","isSymbolicLink":false,"children":[]}}