{
  "version": "1.0",
  "workerIdList": [
    -1,
    2,
    0,
    1
  ],
  "metrics": [
    {
      "type": "build_line",
      "endTime": 1712063026532,
      "status": "closed",
      "children": [],
      "name": "overallTime",
      "taskName": "init",
      "taskPath": "entry",
      "workerId": -1,
      "startTime": 1712063026529
    },
    {
      "type": "build_line",
      "endTime": 1712063026537,
      "status": "closed",
      "children": [],
      "name": "overallTime",
      "taskName": "init",
      "taskPath": "frist",
      "workerId": -1,
      "startTime": 1712063026537
    },
    {
      "type": "build_line",
      "endTime": 1712063037035,
      "status": "closed",
      "children": [],
      "name": "overallTime",
      "taskName": "default@PreBuild",
      "taskPath": "entry",
      "workerId": -1,
      "startTime": 1712063036935
    },
    {
      "type": "build_line",
      "endTime": 1712063037039,
      "status": "closed",
      "children": [],
      "name": "overallTime",
      "taskName": "default@MergeProfile",
      "taskPath": "entry",
      "workerId": -1,
      "startTime": 1712063037036
    },
    {
      "type": "build_line",
      "endTime": 1712063037049,
      "status": "closed",
      "children": [],
      "name": "overallTime",
      "taskName": "default@GenerateLoaderJson",
      "taskPath": "entry",
      "workerId": -1,
      "startTime": 1712063037045
    },
    {
      "type": "build_line",
      "endTime": 1712063037159,
      "status": "closed",
      "children": [],
      "name": "overallTime",
      "taskName": "default@ProcessProfile",
      "taskPath": "entry",
      "workerId": -1,
      "startTime": 1712063037051
    },
    {
      "type": "build_line",
      "endTime": 1712063037164,
      "status": "closed",
      "children": [],
      "name": "overallTime",
      "taskName": "default@PreviewProcessResource",
      "taskPath": "entry",
      "workerId": -1,
      "startTime": 1712063037161
    },
    {
      "type": "build_line",
      "endTime": 1712063037384,
      "status": "closed",
      "children": [],
      "name": "overallTime",
      "taskName": "default@PreviewCompileResource",
      "taskPath": "entry",
      "workerId": -1,
      "startTime": 1712063037166
    },
    {
      "type": "build_line",
      "endTime": 1712063037385,
      "status": "closed",
      "children": [],
      "name": "overallTime",
      "taskName": "default@PreviewHookCompileResource",
      "taskPath": "entry",
      "workerId": -1,
      "startTime": 1712063037385
    },
    {
      "type": "build_line",
      "endTime": 1712063037390,
      "status": "closed",
      "children": [],
      "name": "overallTime",
      "taskName": "default@ReplacePreviewerPage",
      "taskPath": "entry",
      "workerId": -1,
      "startTime": 1712063037386
    },
    {
      "type": "build_line",
      "endTime": 1712063037391,
      "status": "closed",
      "children": [],
      "name": "overallTime",
      "taskName": "buildPreviewerResource",
      "taskPath": "entry",
      "workerId": -1,
      "startTime": 1712063037390
    },
    {
      "type": "build_line",
      "endTime": 1712063037393,
      "status": "closed",
      "children": [],
      "name": "overallTime",
      "taskName": "default@PreviewUpdateAssets",
      "taskPath": "entry",
      "workerId": -1,
      "startTime": 1712063037391
    },
    {
      "type": "build_line",
      "endTime": 1712063040095,
      "status": "closed",
      "children": [],
      "name": "overallTime",
      "taskName": "default@PreviewArkTS",
      "taskPath": "entry",
      "workerId": -1,
      "startTime": 1712063037394
    },
    {
      "type": "build_line",
      "endTime": 1712063040097,
      "status": "closed",
      "children": [],
      "name": "overallTime",
      "taskName": "PreviewBuild",
      "taskPath": "entry",
      "workerId": -1,
      "startTime": 1712063040097
    },
    {
      "type": "build_line",
      "endTime": 1712069269509,
      "status": "closed",
      "children": [],
      "name": "overallTime",
      "taskName": "default@PreBuild",
      "taskPath": "entry",
      "workerId": -1,
      "startTime": 1712069269506
    },
    {
      "type": "build_line",
      "endTime": 1712069269510,
      "status": "closed",
      "children": [],
      "name": "overallTime",
      "taskName": "default@MergeProfile",
      "taskPath": "entry",
      "workerId": -1,
      "startTime": 1712069269509
    },
    {
      "type": "build_line",
      "endTime": 1712069269513,
      "status": "closed",
      "children": [],
      "name": "overallTime",
      "taskName": "default@GenerateLoaderJson",
      "taskPath": "entry",
      "workerId": -1,
      "startTime": 1712069269512
    },
    {
      "type": "build_line",
      "endTime": 1712069269516,
      "status": "closed",
      "children": [],
      "name": "overallTime",
      "taskName": "default@ProcessProfile",
      "taskPath": "entry",
      "workerId": -1,
      "startTime": 1712069269515
    },
    {
      "type": "build_line",
      "endTime": 1712069269525,
      "status": "closed",
      "children": [],
      "name": "overallTime",
      "taskName": "default@PreviewProcessResource",
      "taskPath": "entry",
      "workerId": -1,
      "startTime": 1712069269518
    },
    {
      "type": "build_line",
      "endTime": 1712069269835,
      "status": "closed",
      "children": [],
      "name": "overallTime",
      "taskName": "default@PreviewCompileResource",
      "taskPath": "entry",
      "workerId": -1,
      "startTime": 1712069269526
    },
    {
      "type": "build_line",
      "endTime": 1712069269836,
      "status": "closed",
      "children": [],
      "name": "overallTime",
      "taskName": "default@PreviewHookCompileResource",
      "taskPath": "entry",
      "workerId": -1,
      "startTime": 1712069269836
    },
    {
      "type": "build_line",
      "endTime": 1712069269839,
      "status": "closed",
      "children": [],
      "name": "overallTime",
      "taskName": "default@ReplacePreviewerPage",
      "taskPath": "entry",
      "workerId": -1,
      "startTime": 1712069269837
    },
    {
      "type": "build_line",
      "endTime": 1712069269839,
      "status": "closed",
      "children": [],
      "name": "overallTime",
      "taskName": "buildPreviewerResource",
      "taskPath": "entry",
      "workerId": -1,
      "startTime": 1712069269839
    },
    {
      "type": "build_line",
      "endTime": 1712069269846,
      "status": "closed",
      "children": [],
      "name": "overallTime",
      "taskName": "default@PreviewUpdateAssets",
      "taskPath": "entry",
      "workerId": -1,
      "startTime": 1712069269845
    },
    {
      "type": "build_line",
      "endTime": 1712069274948,
      "status": "closed",
      "children": [],
      "name": "overallTime",
      "taskName": "default@PreviewArkTS",
      "taskPath": "entry",
      "workerId": -1,
      "startTime": 1712069269847
    },
    {
      "type": "build_line",
      "endTime": 1712070293026,
      "status": "closed",
      "children": [],
      "name": "overallTime",
      "taskName": "default@PreBuild",
      "taskPath": "entry",
      "workerId": -1,
      "startTime": 1712070293024
    },
    {
      "type": "build_line",
      "endTime": 1712070293043,
      "status": "closed",
      "children": [],
      "name": "overallTime",
      "taskName": "default@GenerateMetadata",
      "taskPath": "entry",
      "workerId": -1,
      "startTime": 1712070293027
    },
    {
      "type": "build_line",
      "endTime": 1712070293053,
      "status": "closed",
      "children": [],
      "name": "overallTime",
      "taskName": "default@MergeProfile",
      "taskPath": "entry",
      "workerId": -1,
      "startTime": 1712070293046
    },
    {
      "type": "build_line",
      "endTime": 1712070293056,
      "status": "closed",
      "children": [],
      "name": "overallTime",
      "taskName": "default@BuildNativeWithCmake",
      "taskPath": "entry",
      "workerId": -1,
      "startTime": 1712070293056
    },
    {
      "type": "build_line",
      "endTime": 1712070293061,
      "status": "closed",
      "children": [],
      "name": "overallTime",
      "taskName": "default@GenerateLoaderJson",
      "taskPath": "entry",
      "workerId": -1,
      "startTime": 1712070293059
    },
    {
      "type": "build_line",
      "endTime": 1712070293070,
      "status": "closed",
      "children": [],
      "name": "overallTime",
      "taskName": "default@MakePackInfo",
      "taskPath": "entry",
      "workerId": -1,
      "startTime": 1712070293062
    },
    {
      "type": "build_line",
      "endTime": 1712070293225,
      "status": "closed",
      "children": [],
      "name": "overallTime",
      "taskName": "default@ProcessProfile",
      "taskPath": "entry",
      "workerId": -1,
      "startTime": 1712070293073
    },
    {
      "type": "build_line",
      "endTime": 1712070293226,
      "status": "closed",
      "children": [],
      "name": "overallTime",
      "taskName": "default@BuildNativeWithNinja",
      "taskPath": "entry",
      "workerId": -1,
      "startTime": 1712070293225
    },
    {
      "type": "build_line",
      "endTime": 1712070293229,
      "status": "closed",
      "children": [],
      "name": "overallTime",
      "taskName": "default@ProcessResource",
      "taskPath": "entry",
      "workerId": -1,
      "startTime": 1712070293227
    },
    {
      "type": "build_line",
      "endTime": 1712070293236,
      "status": "closed",
      "children": [],
      "name": "overallTime",
      "taskName": "default@ProcessLibs",
      "taskPath": "entry",
      "workerId": -1,
      "startTime": 1712070293229
    },
    {
      "type": "build_line",
      "endTime": 1712070293332,
      "status": "closed",
      "children": [],
      "name": "overallTime",
      "taskName": "default@CompileResource",
      "taskPath": "entry",
      "workerId": -1,
      "startTime": 1712070293236
    },
    {
      "type": "build_line",
      "endTime": 1712070293345,
      "status": "closed",
      "children": [],
      "name": "overallTime",
      "taskName": "default@CompileJS",
      "taskPath": "entry",
      "workerId": -1,
      "startTime": 1712070293341
    },
    {
      "type": "build_line",
      "endTime": 1712070297119,
      "status": "closed",
      "children": [],
      "name": "overallTime",
      "taskName": "default@CompileArkTS",
      "taskPath": "entry",
      "workerId": 2,
      "startTime": 1712070293341
    },
    {
      "type": "default",
      "endTime": 1712070297119,
      "status": "closed",
      "children": [
        {
          "type": "build_line",
          "endTime": 1712070297119,
          "status": "closed",
          "children": [],
          "name": "overallTime",
          "taskName": "default@CompileArkTS",
          "taskPath": "entry",
          "workerId": 2,
          "startTime": 1712070293341
        }
      ],
      "name": "overallTime",
      "taskName": "default@CompileArkTS",
      "taskPath": "entry",
      "workerId": -1,
      "startTime": 1712070293332
    },
    {
      "type": "build_line",
      "endTime": 1712070309408,
      "status": "closed",
      "children": [],
      "name": "overallTime",
      "taskName": "default@PreBuild",
      "taskPath": "entry",
      "workerId": -1,
      "startTime": 1712070309407
    },
    {
      "type": "build_line",
      "endTime": 1712070309411,
      "status": "closed",
      "children": [],
      "name": "overallTime",
      "taskName": "default@GenerateMetadata",
      "taskPath": "entry",
      "workerId": -1,
      "startTime": 1712070309408
    },
    {
      "type": "build_line",
      "endTime": 1712070309412,
      "status": "closed",
      "children": [],
      "name": "overallTime",
      "taskName": "default@MergeProfile",
      "taskPath": "entry",
      "workerId": -1,
      "startTime": 1712070309411
    },
    {
      "type": "build_line",
      "endTime": 1712070309413,
      "status": "closed",
      "children": [],
      "name": "overallTime",
      "taskName": "default@BuildNativeWithCmake",
      "taskPath": "entry",
      "workerId": -1,
      "startTime": 1712070309413
    },
    {
      "type": "build_line",
      "endTime": 1712070309413,
      "status": "closed",
      "children": [],
      "name": "overallTime",
      "taskName": "default@GenerateLoaderJson",
      "taskPath": "entry",
      "workerId": -1,
      "startTime": 1712070309413
    },
    {
      "type": "build_line",
      "endTime": 1712070309426,
      "status": "closed",
      "children": [],
      "name": "overallTime",
      "taskName": "default@MakePackInfo",
      "taskPath": "entry",
      "workerId": -1,
      "startTime": 1712070309423
    },
    {
      "type": "build_line",
      "endTime": 1712070309427,
      "status": "closed",
      "children": [],
      "name": "overallTime",
      "taskName": "default@ProcessProfile",
      "taskPath": "entry",
      "workerId": -1,
      "startTime": 1712070309427
    },
    {
      "type": "build_line",
      "endTime": 1712070309428,
      "status": "closed",
      "children": [],
      "name": "overallTime",
      "taskName": "default@BuildNativeWithNinja",
      "taskPath": "entry",
      "workerId": -1,
      "startTime": 1712070309427
    },
    {
      "type": "build_line",
      "endTime": 1712070309430,
      "status": "closed",
      "children": [],
      "name": "overallTime",
      "taskName": "default@ProcessResource",
      "taskPath": "entry",
      "workerId": -1,
      "startTime": 1712070309428
    },
    {
      "type": "build_line",
      "endTime": 1712070309431,
      "status": "closed",
      "children": [],
      "name": "overallTime",
      "taskName": "default@ProcessLibs",
      "taskPath": "entry",
      "workerId": -1,
      "startTime": 1712070309430
    },
    {
      "type": "build_line",
      "endTime": 1712070309436,
      "status": "closed",
      "children": [],
      "name": "overallTime",
      "taskName": "default@CompileResource",
      "taskPath": "entry",
      "workerId": -1,
      "startTime": 1712070309431
    },
    {
      "type": "build_line",
      "endTime": 1712070309447,
      "status": "closed",
      "children": [],
      "name": "overallTime",
      "taskName": "default@CompileJS",
      "taskPath": "entry",
      "workerId": -1,
      "startTime": 1712070309444
    },
    {
      "type": "build_line",
      "endTime": 1712070312245,
      "status": "closed",
      "children": [],
      "name": "overallTime",
      "taskName": "default@CompileArkTS",
      "taskPath": "entry",
      "workerId": 0,
      "startTime": 1712070309441
    },
    {
      "type": "default",
      "endTime": 1712070312245,
      "status": "closed",
      "children": [
        {
          "type": "build_line",
          "endTime": 1712070312245,
          "status": "closed",
          "children": [],
          "name": "overallTime",
          "taskName": "default@CompileArkTS",
          "taskPath": "entry",
          "workerId": 0,
          "startTime": 1712070309441
        }
      ],
      "name": "overallTime",
      "taskName": "default@CompileArkTS",
      "taskPath": "entry",
      "workerId": -1,
      "startTime": 1712070309437
    },
    {
      "type": "build_line",
      "endTime": 1712070352175,
      "status": "closed",
      "children": [],
      "name": "overallTime",
      "taskName": "default@PreBuild",
      "taskPath": "entry",
      "workerId": -1,
      "startTime": 1712070352174
    },
    {
      "type": "build_line",
      "endTime": 1712070352182,
      "status": "closed",
      "children": [],
      "name": "overallTime",
      "taskName": "default@MergeProfile",
      "taskPath": "entry",
      "workerId": -1,
      "startTime": 1712070352177
    },
    {
      "type": "build_line",
      "endTime": 1712070352189,
      "status": "closed",
      "children": [],
      "name": "overallTime",
      "taskName": "default@GenerateLoaderJson",
      "taskPath": "entry",
      "workerId": -1,
      "startTime": 1712070352185
    },
    {
      "type": "build_line",
      "endTime": 1712070352312,
      "status": "closed",
      "children": [],
      "name": "overallTime",
      "taskName": "default@ProcessProfile",
      "taskPath": "entry",
      "workerId": -1,
      "startTime": 1712070352192
    },
    {
      "type": "build_line",
      "endTime": 1712070352319,
      "status": "closed",
      "children": [],
      "name": "overallTime",
      "taskName": "default@PreviewProcessResource",
      "taskPath": "entry",
      "workerId": -1,
      "startTime": 1712070352316
    },
    {
      "type": "build_line",
      "endTime": 1712070352586,
      "status": "closed",
      "children": [],
      "name": "overallTime",
      "taskName": "default@PreviewCompileResource",
      "taskPath": "entry",
      "workerId": -1,
      "startTime": 1712070352324
    },
    {
      "type": "build_line",
      "endTime": 1712070352587,
      "status": "closed",
      "children": [],
      "name": "overallTime",
      "taskName": "default@PreviewHookCompileResource",
      "taskPath": "entry",
      "workerId": -1,
      "startTime": 1712070352587
    },
    {
      "type": "build_line",
      "endTime": 1712070352591,
      "status": "closed",
      "children": [],
      "name": "overallTime",
      "taskName": "default@ReplacePreviewerPage",
      "taskPath": "entry",
      "workerId": -1,
      "startTime": 1712070352588
    },
    {
      "type": "build_line",
      "endTime": 1712070352592,
      "status": "closed",
      "children": [],
      "name": "overallTime",
      "taskName": "buildPreviewerResource",
      "taskPath": "entry",
      "workerId": -1,
      "startTime": 1712070352592
    },
    {
      "type": "build_line",
      "endTime": 1712070352595,
      "status": "closed",
      "children": [],
      "name": "overallTime",
      "taskName": "default@PreviewUpdateAssets",
      "taskPath": "entry",
      "workerId": -1,
      "startTime": 1712070352593
    },
    {
      "type": "build_line",
      "endTime": 1712070356322,
      "status": "closed",
      "children": [],
      "name": "overallTime",
      "taskName": "default@PreviewArkTS",
      "taskPath": "entry",
      "workerId": -1,
      "startTime": 1712070352595
    },
    {
      "type": "build_line",
      "endTime": 1712070356324,
      "status": "closed",
      "children": [],
      "name": "overallTime",
      "taskName": "PreviewBuild",
      "taskPath": "entry",
      "workerId": -1,
      "startTime": 1712070356324
    },
    {
      "type": "build_line",
      "endTime": 1712070985966,
      "status": "closed",
      "children": [],
      "name": "overallTime",
      "taskName": "default@PreBuild",
      "taskPath": "entry",
      "workerId": -1,
      "startTime": 1712070985966
    },
    {
      "type": "build_line",
      "endTime": 1712070985969,
      "status": "closed",
      "children": [],
      "name": "overallTime",
      "taskName": "default@GenerateMetadata",
      "taskPath": "entry",
      "workerId": -1,
      "startTime": 1712070985967
    },
    {
      "type": "build_line",
      "endTime": 1712070985973,
      "status": "closed",
      "children": [],
      "name": "overallTime",
      "taskName": "default@MergeProfile",
      "taskPath": "entry",
      "workerId": -1,
      "startTime": 1712070985971
    },
    {
      "type": "build_line",
      "endTime": 1712070985975,
      "status": "closed",
      "children": [],
      "name": "overallTime",
      "taskName": "default@BuildNativeWithCmake",
      "taskPath": "entry",
      "workerId": -1,
      "startTime": 1712070985975
    },
    {
      "type": "build_line",
      "endTime": 1712070985978,
      "status": "closed",
      "children": [],
      "name": "overallTime",
      "taskName": "default@GenerateLoaderJson",
      "taskPath": "entry",
      "workerId": -1,
      "startTime": 1712070985976
    },
    {
      "type": "build_line",
      "endTime": 1712070985981,
      "status": "closed",
      "children": [],
      "name": "overallTime",
      "taskName": "default@MakePackInfo",
      "taskPath": "entry",
      "workerId": -1,
      "startTime": 1712070985979
    },
    {
      "type": "build_line",
      "endTime": 1712070986084,
      "status": "closed",
      "children": [],
      "name": "overallTime",
      "taskName": "default@ProcessProfile",
      "taskPath": "entry",
      "workerId": -1,
      "startTime": 1712070985981
    },
    {
      "type": "build_line",
      "endTime": 1712070986085,
      "status": "closed",
      "children": [],
      "name": "overallTime",
      "taskName": "default@BuildNativeWithNinja",
      "taskPath": "entry",
      "workerId": -1,
      "startTime": 1712070986084
    },
    {
      "type": "build_line",
      "endTime": 1712070986086,
      "status": "closed",
      "children": [],
      "name": "overallTime",
      "taskName": "default@ProcessResource",
      "taskPath": "entry",
      "workerId": -1,
      "startTime": 1712070986085
    },
    {
      "type": "build_line",
      "endTime": 1712070986086,
      "status": "closed",
      "children": [],
      "name": "overallTime",
      "taskName": "default@ProcessLibs",
      "taskPath": "entry",
      "workerId": -1,
      "startTime": 1712070986086
    },
    {
      "type": "build_line",
      "endTime": 1712070986220,
      "status": "closed",
      "children": [],
      "name": "overallTime",
      "taskName": "default@CompileResource",
      "taskPath": "entry",
      "workerId": -1,
      "startTime": 1712070986087
    },
    {
      "type": "build_line",
      "endTime": 1712070986237,
      "status": "closed",
      "children": [],
      "name": "overallTime",
      "taskName": "default@CompileJS",
      "taskPath": "entry",
      "workerId": -1,
      "startTime": 1712070986236
    },
    {
      "type": "build_line",
      "endTime": 1712070990763,
      "status": "closed",
      "children": [],
      "name": "overallTime",
      "taskName": "default@CompileArkTS",
      "taskPath": "entry",
      "workerId": 0,
      "startTime": 1712070986226
    },
    {
      "type": "default",
      "endTime": 1712070990763,
      "status": "closed",
      "children": [
        {
          "type": "build_line",
          "endTime": 1712070990763,
          "status": "closed",
          "children": [],
          "name": "overallTime",
          "taskName": "default@CompileArkTS",
          "taskPath": "entry",
          "workerId": 0,
          "startTime": 1712070986226
        }
      ],
      "name": "overallTime",
      "taskName": "default@CompileArkTS",
      "taskPath": "entry",
      "workerId": -1,
      "startTime": 1712070986221
    },
    {
      "type": "build_line",
      "endTime": 1712070990900,
      "status": "closed",
      "children": [],
      "name": "overallTime",
      "taskName": "default@PreBuild",
      "taskPath": "entry",
      "workerId": -1,
      "startTime": 1712070990899
    },
    {
      "type": "build_line",
      "endTime": 1712070990901,
      "status": "closed",
      "children": [],
      "name": "overallTime",
      "taskName": "default@MergeProfile",
      "taskPath": "entry",
      "workerId": -1,
      "startTime": 1712070990900
    },
    {
      "type": "build_line",
      "endTime": 1712070990908,
      "status": "closed",
      "children": [],
      "name": "overallTime",
      "taskName": "default@GenerateLoaderJson",
      "taskPath": "entry",
      "workerId": -1,
      "startTime": 1712070990902
    },
    {
      "type": "build_line",
      "endTime": 1712070991016,
      "status": "closed",
      "children": [],
      "name": "overallTime",
      "taskName": "default@ProcessProfile",
      "taskPath": "entry",
      "workerId": -1,
      "startTime": 1712070990910
    },
    {
      "type": "build_line",
      "endTime": 1712070991023,
      "status": "closed",
      "children": [],
      "name": "overallTime",
      "taskName": "default@PreviewProcessResource",
      "taskPath": "entry",
      "workerId": -1,
      "startTime": 1712070991021
    },
    {
      "type": "build_line",
      "endTime": 1712070991212,
      "status": "closed",
      "children": [],
      "name": "overallTime",
      "taskName": "default@PreviewCompileResource",
      "taskPath": "entry",
      "workerId": -1,
      "startTime": 1712070991025
    },
    {
      "type": "build_line",
      "endTime": 1712070991213,
      "status": "closed",
      "children": [],
      "name": "overallTime",
      "taskName": "default@PreviewHookCompileResource",
      "taskPath": "entry",
      "workerId": -1,
      "startTime": 1712070991213
    },
    {
      "type": "build_line",
      "endTime": 1712070991216,
      "status": "closed",
      "children": [],
      "name": "overallTime",
      "taskName": "default@ReplacePreviewerPage",
      "taskPath": "entry",
      "workerId": -1,
      "startTime": 1712070991214
    },
    {
      "type": "build_line",
      "endTime": 1712070991217,
      "status": "closed",
      "children": [],
      "name": "overallTime",
      "taskName": "buildPreviewerResource",
      "taskPath": "entry",
      "workerId": -1,
      "startTime": 1712070991217
    },
    {
      "type": "build_line",
      "endTime": 1712070991219,
      "status": "closed",
      "children": [],
      "name": "overallTime",
      "taskName": "default@PreviewUpdateAssets",
      "taskPath": "entry",
      "workerId": -1,
      "startTime": 1712070991217
    },
    {
      "type": "build_line",
      "endTime": 1712070993904,
      "status": "closed",
      "children": [],
      "name": "overallTime",
      "taskName": "default@PreviewArkTS",
      "taskPath": "entry",
      "workerId": -1,
      "startTime": 1712070991219
    },
    {
      "type": "build_line",
      "endTime": 1712070993905,
      "status": "closed",
      "children": [],
      "name": "overallTime",
      "taskName": "PreviewBuild",
      "taskPath": "entry",
      "workerId": -1,
      "startTime": 1712070993905
    },
    {
      "type": "build_line",
      "endTime": 1712071094184,
      "status": "closed",
      "children": [],
      "name": "overallTime",
      "taskName": "default@PreBuild",
      "taskPath": "entry",
      "workerId": -1,
      "startTime": 1712071094183
    },
    {
      "type": "build_line",
      "endTime": 1712071094186,
      "status": "closed",
      "children": [],
      "name": "overallTime",
      "taskName": "default@GenerateMetadata",
      "taskPath": "entry",
      "workerId": -1,
      "startTime": 1712071094185
    },
    {
      "type": "build_line",
      "endTime": 1712071094189,
      "status": "closed",
      "children": [],
      "name": "overallTime",
      "taskName": "default@MergeProfile",
      "taskPath": "entry",
      "workerId": -1,
      "startTime": 1712071094187
    },
    {
      "type": "build_line",
      "endTime": 1712071094190,
      "status": "closed",
      "children": [],
      "name": "overallTime",
      "taskName": "default@BuildNativeWithCmake",
      "taskPath": "entry",
      "workerId": -1,
      "startTime": 1712071094190
    },
    {
      "type": "build_line",
      "endTime": 1712071094194,
      "status": "closed",
      "children": [],
      "name": "overallTime",
      "taskName": "default@GenerateLoaderJson",
      "taskPath": "entry",
      "workerId": -1,
      "startTime": 1712071094192
    },
    {
      "type": "build_line",
      "endTime": 1712071094197,
      "status": "closed",
      "children": [],
      "name": "overallTime",
      "taskName": "default@MakePackInfo",
      "taskPath": "entry",
      "workerId": -1,
      "startTime": 1712071094195
    },
    {
      "type": "build_line",
      "endTime": 1712071094285,
      "status": "closed",
      "children": [],
      "name": "overallTime",
      "taskName": "default@ProcessProfile",
      "taskPath": "entry",
      "workerId": -1,
      "startTime": 1712071094198
    },
    {
      "type": "build_line",
      "endTime": 1712071094286,
      "status": "closed",
      "children": [],
      "name": "overallTime",
      "taskName": "default@BuildNativeWithNinja",
      "taskPath": "entry",
      "workerId": -1,
      "startTime": 1712071094285
    },
    {
      "type": "build_line",
      "endTime": 1712071094287,
      "status": "closed",
      "children": [],
      "name": "overallTime",
      "taskName": "default@ProcessResource",
      "taskPath": "entry",
      "workerId": -1,
      "startTime": 1712071094286
    },
    {
      "type": "build_line",
      "endTime": 1712071094288,
      "status": "closed",
      "children": [],
      "name": "overallTime",
      "taskName": "default@ProcessLibs",
      "taskPath": "entry",
      "workerId": -1,
      "startTime": 1712071094287
    },
    {
      "type": "build_line",
      "endTime": 1712071094368,
      "status": "closed",
      "children": [],
      "name": "overallTime",
      "taskName": "default@CompileResource",
      "taskPath": "entry",
      "workerId": -1,
      "startTime": 1712071094288
    },
    {
      "type": "build_line",
      "endTime": 1712071094373,
      "status": "closed",
      "children": [],
      "name": "overallTime",
      "taskName": "default@CompileJS",
      "taskPath": "entry",
      "workerId": -1,
      "startTime": 1712071094372
    },
    {
      "type": "build_line",
      "endTime": 1712071097030,
      "status": "closed",
      "children": [],
      "name": "overallTime",
      "taskName": "default@CompileArkTS",
      "taskPath": "entry",
      "workerId": 0,
      "startTime": 1712071094372
    },
    {
      "type": "default",
      "endTime": 1712071097030,
      "status": "closed",
      "children": [
        {
          "type": "build_line",
          "endTime": 1712071097030,
          "status": "closed",
          "children": [],
          "name": "overallTime",
          "taskName": "default@CompileArkTS",
          "taskPath": "entry",
          "workerId": 0,
          "startTime": 1712071094372
        }
      ],
      "name": "overallTime",
      "taskName": "default@CompileArkTS",
      "taskPath": "entry",
      "workerId": -1,
      "startTime": 1712071094368
    },
    {
      "type": "build_line",
      "endTime": 1712071097842,
      "status": "closed",
      "children": [],
      "name": "overallTime",
      "taskName": "default@PackageHap",
      "taskPath": "entry",
      "workerId": 1,
      "startTime": 1712071097037
    },
    {
      "type": "default",
      "endTime": 1712071097842,
      "status": "closed",
      "children": [
        {
          "type": "build_line",
          "endTime": 1712071097842,
          "status": "closed",
          "children": [],
          "name": "overallTime",
          "taskName": "default@PackageHap",
          "taskPath": "entry",
          "workerId": 1,
          "startTime": 1712071097037
        }
      ],
      "name": "overallTime",
      "taskName": "default@PackageHap",
      "taskPath": "entry",
      "workerId": -1,
      "startTime": 1712071097031
    },
    {
      "type": "build_line",
      "endTime": 1712071097844,
      "status": "closed",
      "children": [],
      "name": "overallTime",
      "taskName": "default@SignHap",
      "taskPath": "entry",
      "workerId": -1,
      "startTime": 1712071097842
    },
    {
      "type": "build_line",
      "endTime": 1712071097845,
      "status": "closed",
      "children": [],
      "name": "overallTime",
      "taskName": "assembleHap",
      "taskPath": "entry",
      "workerId": -1,
      "startTime": 1712071097845
    }
  ],
  "workLog": []
}